PRAGMA foreign_keys=OFF;
BEGIN TRANSACTION;
CREATE TABLE "django_migrations" ("id" integer NOT NULL PRIMARY KEY AUTOINCREMENT, "app" varchar(255) NOT NULL, "name" varchar(255) NOT NULL, "applied" datetime NOT NULL);
INSERT INTO "django_migrations" VALUES(1,'contenttypes','0001_initial','2015-06-30 14:28:13.162068');
INSERT INTO "django_migrations" VALUES(2,'auth','0001_initial','2015-06-30 14:28:13.370796');
INSERT INTO "django_migrations" VALUES(3,'admin','0001_initial','2015-06-30 14:28:13.597455');
INSERT INTO "django_migrations" VALUES(4,'sessions','0001_initial','2015-06-30 14:28:13.797690');
INSERT INTO "django_migrations" VALUES(5,'polls','0001_initial','2015-06-30 15:20:51.731480');
INSERT INTO "django_migrations" VALUES(6,'polls','0002_question_quetsion_title','2015-06-30 15:20:51.948850');
INSERT INTO "django_migrations" VALUES(7,'polls','0003_remove_question_quetsion_title','2015-06-30 15:20:52.166548');
INSERT INTO "django_migrations" VALUES(8,'polls','0004_reader','2015-07-12 16:33:02.729045');
CREATE TABLE "django_content_type" ("id" integer NOT NULL PRIMARY KEY AUTOINCREMENT, "name" varchar(100) NOT NULL, "app_label" varchar(100) NOT NULL, "model" varchar(100) NOT NULL, UNIQUE ("app_label", "model"));
INSERT INTO "django_content_type" VALUES(1,'log entry','admin','logentry');
INSERT INTO "django_content_type" VALUES(2,'permission','auth','permission');
INSERT INTO "django_content_type" VALUES(3,'group','auth','group');
INSERT INTO "django_content_type" VALUES(4,'user','auth','user');
INSERT INTO "django_content_type" VALUES(5,'content type','contenttypes','contenttype');
INSERT INTO "django_content_type" VALUES(6,'session','sessions','session');
INSERT INTO "django_content_type" VALUES(7,'question','polls','question');
INSERT INTO "django_content_type" VALUES(8,'choice','polls','choice');
INSERT INTO "django_content_type" VALUES(9,'reader','polls','reader');
CREATE TABLE "auth_permission" ("id" integer NOT NULL PRIMARY KEY AUTOINCREMENT, "name" varchar(50) NOT NULL, "content_type_id" integer NOT NULL REFERENCES "django_content_type" ("id"), "codename" varchar(100) NOT NULL, UNIQUE ("content_type_id", "codename"));
INSERT INTO "auth_permission" VALUES(1,'Can add log entry',1,'add_logentry');
INSERT INTO "auth_permission" VALUES(2,'Can change log entry',1,'change_logentry');
INSERT INTO "auth_permission" VALUES(3,'Can delete log entry',1,'delete_logentry');
INSERT INTO "auth_permission" VALUES(4,'Can add permission',2,'add_permission');
INSERT INTO "auth_permission" VALUES(5,'Can change permission',2,'change_permission');
INSERT INTO "auth_permission" VALUES(6,'Can delete permission',2,'delete_permission');
INSERT INTO "auth_permission" VALUES(7,'Can add group',3,'add_group');
INSERT INTO "auth_permission" VALUES(8,'Can change group',3,'change_group');
INSERT INTO "auth_permission" VALUES(9,'Can delete group',3,'delete_group');
INSERT INTO "auth_permission" VALUES(10,'Can add user',4,'add_user');
INSERT INTO "auth_permission" VALUES(11,'Can change user',4,'change_user');
INSERT INTO "auth_permission" VALUES(12,'Can delete user',4,'delete_user');
INSERT INTO "auth_permission" VALUES(13,'Can add content type',5,'add_contenttype');
INSERT INTO "auth_permission" VALUES(14,'Can change content type',5,'change_contenttype');
INSERT INTO "auth_permission" VALUES(15,'Can delete content type',5,'delete_contenttype');
INSERT INTO "auth_permission" VALUES(16,'Can add session',6,'add_session');
INSERT INTO "auth_permission" VALUES(17,'Can change session',6,'change_session');
INSERT INTO "auth_permission" VALUES(18,'Can delete session',6,'delete_session');
INSERT INTO "auth_permission" VALUES(19,'Can add question',7,'add_question');
INSERT INTO "auth_permission" VALUES(20,'Can change question',7,'change_question');
INSERT INTO "auth_permission" VALUES(21,'Can delete question',7,'delete_question');
INSERT INTO "auth_permission" VALUES(22,'Can add choice',8,'add_choice');
INSERT INTO "auth_permission" VALUES(23,'Can change choice',8,'change_choice');
INSERT INTO "auth_permission" VALUES(24,'Can delete choice',8,'delete_choice');
INSERT INTO "auth_permission" VALUES(25,'Can add reader',9,'add_reader');
INSERT INTO "auth_permission" VALUES(26,'Can change reader',9,'change_reader');
INSERT INTO "auth_permission" VALUES(27,'Can delete reader',9,'delete_reader');
CREATE TABLE "auth_group" ("id" integer NOT NULL PRIMARY KEY AUTOINCREMENT, "name" varchar(80) NOT NULL UNIQUE);
CREATE TABLE "auth_group_permissions" ("id" integer NOT NULL PRIMARY KEY AUTOINCREMENT, "group_id" integer NOT NULL REFERENCES "auth_group" ("id"), "permission_id" integer NOT NULL REFERENCES "auth_permission" ("id"), UNIQUE ("group_id", "permission_id"));
CREATE TABLE "auth_user" ("id" integer NOT NULL PRIMARY KEY AUTOINCREMENT, "password" varchar(128) NOT NULL, "last_login" datetime NOT NULL, "is_superuser" bool NOT NULL, "username" varchar(30) NOT NULL UNIQUE, "first_name" varchar(30) NOT NULL, "last_name" varchar(30) NOT NULL, "email" varchar(75) NOT NULL, "is_staff" bool NOT NULL, "is_active" bool NOT NULL, "date_joined" datetime NOT NULL);
INSERT INTO "auth_user" VALUES(1,'pbkdf2_sha256$12000$BOzugXkTorA6$fp4Svh1lIzcEX77eROjQOvO2ADhn4qthdV+RE6SX0YM=','2015-07-01 08:28:41.813255',1,'admin','','','gera3dartist@gmail.com',1,1,'2015-07-01 08:02:24.906680');
INSERT INTO "auth_user" VALUES(2,'pbkdf2_sha256$12000$i83uqOFzRP9A$tuK+TS7fY/bn4INNfhbz9Y82tsefa8+Dw/kKFNny5RU=','2015-07-12 15:59:54.800172',1,'agerasym','','','agerasym@mail.com',1,1,'2015-07-12 15:59:38.957993');
CREATE TABLE "auth_user_groups" ("id" integer NOT NULL PRIMARY KEY AUTOINCREMENT, "user_id" integer NOT NULL REFERENCES "auth_user" ("id"), "group_id" integer NOT NULL REFERENCES "auth_group" ("id"), UNIQUE ("user_id", "group_id"));
CREATE TABLE "auth_user_user_permissions" ("id" integer NOT NULL PRIMARY KEY AUTOINCREMENT, "user_id" integer NOT NULL REFERENCES "auth_user" ("id"), "permission_id" integer NOT NULL REFERENCES "auth_permission" ("id"), UNIQUE ("user_id", "permission_id"));
CREATE TABLE "django_admin_log" ("id" integer NOT NULL PRIMARY KEY AUTOINCREMENT, "action_time" datetime NOT NULL, "object_id" text NULL, "object_repr" varchar(200) NOT NULL, "action_flag" smallint unsigned NOT NULL, "change_message" text NOT NULL, "content_type_id" integer NULL REFERENCES "django_content_type" ("id"), "user_id" integer NOT NULL REFERENCES "auth_user" ("id"));
INSERT INTO "django_admin_log" VALUES(1,'2015-07-12 16:00:34.727751','2','another time antother me, tell me what is your question?',1,'',7,2);
INSERT INTO "django_admin_log" VALUES(2,'2015-07-12 16:34:41.008235','1','hey, everything is fine)',1,'',9,2);
CREATE TABLE "django_session" ("session_key" varchar(40) NOT NULL PRIMARY KEY, "session_data" text NOT NULL, "expire_date" datetime NOT NULL);
INSERT INTO "django_session" VALUES('slbqxmwcytbp01kbqqnztc1m0rzqdn9p','ZjEzOTU2NTc4ZGU1ZjAxYTI0MjVhMGFiZDZiODc3ZTZkM2I4MTQxZTp7Il9hdXRoX3VzZXJfYmFja2VuZCI6ImRqYW5nby5jb250cmliLmF1dGguYmFja2VuZHMuTW9kZWxCYWNrZW5kIiwiX2F1dGhfdXNlcl9pZCI6MSwiX2F1dGhfdXNlcl9oYXNoIjoiZWZlYjQwNWE0NzM5ZDdmNWQzMGJmYmQ5MTIwZDRhNjdlMDNmZTQ4MyJ9','2015-07-15 08:03:55.078766');
INSERT INTO "django_session" VALUES('liumbceufhdjxiadggu2rx5u3yvpko8y','ZjEzOTU2NTc4ZGU1ZjAxYTI0MjVhMGFiZDZiODc3ZTZkM2I4MTQxZTp7Il9hdXRoX3VzZXJfYmFja2VuZCI6ImRqYW5nby5jb250cmliLmF1dGguYmFja2VuZHMuTW9kZWxCYWNrZW5kIiwiX2F1dGhfdXNlcl9pZCI6MSwiX2F1dGhfdXNlcl9oYXNoIjoiZWZlYjQwNWE0NzM5ZDdmNWQzMGJmYmQ5MTIwZDRhNjdlMDNmZTQ4MyJ9','2015-07-15 08:28:41.948352');
INSERT INTO "django_session" VALUES('tuix0ob2unt7kwhvbkb84x872sc6jwx1','ZDZkYzkzZWViNDZkMGYwZTExODkzNjAwOTQ0MzRkMzBiN2I5YzlhZjp7fQ==','2015-07-15 10:39:52.514390');
INSERT INTO "django_session" VALUES('zavivz37qspskyzmdwk8xr1t7ckwf6v3','ZDZkYzkzZWViNDZkMGYwZTExODkzNjAwOTQ0MzRkMzBiN2I5YzlhZjp7fQ==','2015-07-17 04:20:49.756198');
INSERT INTO "django_session" VALUES('qpl62j0mrqk31m8w5vcunjcfi8we4vk9','ZmJlZmJiYWQ2MDA4NWZiMzM5ZjMwNjE3NzgxODNhOWY0ZmM0MTVmMzp7Il9hdXRoX3VzZXJfaWQiOjIsIl9hdXRoX3VzZXJfYmFja2VuZCI6ImRqYW5nby5jb250cmliLmF1dGguYmFja2VuZHMuTW9kZWxCYWNrZW5kIiwiX2F1dGhfdXNlcl9oYXNoIjoiMjQ4YWVlNTQ4MTBlNDdkMWZjYzg3ZjI1OWY0N2M4NzExZjBhNTU5OCJ9','2015-07-26 15:59:54.808072');
CREATE TABLE "polls_choice" ("id" integer NOT NULL PRIMARY KEY AUTOINCREMENT, "choice_text" varchar(200) NOT NULL, "votes" integer NOT NULL, "question_id" integer NOT NULL REFERENCES "polls_question" ("id"));
CREATE TABLE "polls_question" ("id" integer NOT NULL PRIMARY KEY AUTOINCREMENT, "question_text" varchar(200) NOT NULL, "pud_date" datetime NOT NULL);
INSERT INTO "polls_question" VALUES(1,'What''s up?','2015-06-30 15:29:46.115328');
INSERT INTO "polls_question" VALUES(2,'another time antother me, tell me what is your question?','2015-07-12 16:00:33');
CREATE TABLE "polls_reader" ("id" integer NOT NULL PRIMARY KEY AUTOINCREMENT, "comment" varchar(300) NOT NULL, "question_id" integer NOT NULL REFERENCES "polls_question" ("id"));
INSERT INTO "polls_reader" VALUES(1,'hey, everything is fine)',1);
DELETE FROM sqlite_sequence;
INSERT INTO "sqlite_sequence" VALUES('django_content_type',9);
INSERT INTO "sqlite_sequence" VALUES('django_migrations',8);
INSERT INTO "sqlite_sequence" VALUES('auth_permission',27);
INSERT INTO "sqlite_sequence" VALUES('polls_choice',0);
INSERT INTO "sqlite_sequence" VALUES('polls_question',2);
INSERT INTO "sqlite_sequence" VALUES('auth_user',2);
INSERT INTO "sqlite_sequence" VALUES('django_admin_log',2);
INSERT INTO "sqlite_sequence" VALUES('polls_reader',1);
CREATE INDEX auth_permission_417f1b1c ON "auth_permission" ("content_type_id");
CREATE INDEX auth_group_permissions_0e939a4f ON "auth_group_permissions" ("group_id");
CREATE INDEX auth_group_permissions_8373b171 ON "auth_group_permissions" ("permission_id");
CREATE INDEX auth_user_groups_e8701ad4 ON "auth_user_groups" ("user_id");
CREATE INDEX auth_user_groups_0e939a4f ON "auth_user_groups" ("group_id");
CREATE INDEX auth_user_user_permissions_e8701ad4 ON "auth_user_user_permissions" ("user_id");
CREATE INDEX auth_user_user_permissions_8373b171 ON "auth_user_user_permissions" ("permission_id");
CREATE INDEX django_admin_log_417f1b1c ON "django_admin_log" ("content_type_id");
CREATE INDEX django_admin_log_e8701ad4 ON "django_admin_log" ("user_id");
CREATE INDEX django_session_de54fa62 ON "django_session" ("expire_date");
CREATE INDEX polls_choice_7aa0f6ee ON "polls_choice" ("question_id");
CREATE INDEX polls_reader_7aa0f6ee ON "polls_reader" ("question_id");
COMMIT;
